OTUs,Phylum,Frequency
Otu1,Ascomycota,84445
Otu48893,Ascomycota,17872
Otu87,Ascomycota,17004
Otu129,Ascomycota,15131
Otu21671,Ascomycota,12618
Otu79,Ascomycota,12614
Otu71365,Ascomycota,12230
Otu68,Ascomycota,11016
Otu32145,Ascomycota,10622
Otu173,Ascomycota,9801
Otu66,Ascomycota,9084
Otu263,Ascomycota,8050
Otu158,Ascomycota,8018
Otu136,Ascomycota,7521
Otu568,Ascomycota,6694
Otu370,Ascomycota,6119
Otu700,Ascomycota,5722
Otu13209,Ascomycota,5627
Otu38101,Ascomycota,4930
Otu297,Ascomycota,4874
Otu65,Ascomycota,4330
Otu299,Ascomycota,4150
Otu348,Ascomycota,4105
Otu467,Ascomycota,4058
Otu226,Ascomycota,4024
Otu318,Ascomycota,3654
Otu3405,Ascomycota,3578
Otu168,Ascomycota,3492
Otu1704,Ascomycota,3322
Otu35835,Ascomycota,3149
Otu51499,Ascomycota,3014
Otu37485,Ascomycota,2977
Otu484,Ascomycota,2860
Otu96,Ascomycota,2710
Otu137,Ascomycota,2681
Otu384,Ascomycota,2677
Otu30196,Ascomycota,2568
Otu508,Ascomycota,2562
Otu1649,Ascomycota,2468
Otu582,Basidiomycota,2435
Otu441,Ascomycota,2423
Otu40369,Ascomycota,2335
Otu492,Ascomycota,2116
Otu368,Ascomycota,2090
Otu1917,Ascomycota,1974
Otu410,Ascomycota,1953
Otu1584,Ascomycota,1890
Otu1093,Ascomycota,1821
Otu1042,Ascomycota,1814
Otu521,Ascomycota,1772
Otu2644,Ascomycota,1768
Otu416,Ascomycota,1725
Otu1451,Ascomycota,1675
Otu823,Ascomycota,1637
Otu963,Ascomycota,1633
Otu571,Ascomycota,1586
Otu30547,Ascomycota,1584
Otu745,Ascomycota,1554
Otu2134,Ascomycota,1543
Otu620,Basidiomycota,1510
Otu1252,Basidiomycota,1461
Otu29556,Ascomycota,1459
Otu1332,Basidiomycota,1445
Otu1117,Ascomycota,1394
Otu16294,Ascomycota,1379
Otu1489,Ascomycota,1315
Otu6158,Ascomycota,1278
Otu2567,Basidiomycota,1249
Otu1050,Ascomycota,1245
Otu1034,Ascomycota,1238
Otu82180,Ascomycota,1188
Otu21952,Ascomycota,1183
Otu1440,Ascomycota,1143
Otu116,Basidiomycota,1134
Otu54646,Ascomycota,1132
Otu10936,Ascomycota,1083
Otu1468,Basidiomycota,1075
Otu3418,Ascomycota,1071
Otu2870,Ascomycota,1052
Otu2544,Ascomycota,1026
Otu1975,Ascomycota,1013
Otu4148,Basidiomycota,999
Otu2314,Ascomycota,976
Otu423,Ascomycota,968
Otu1052,Ascomycota,968
Otu49741,Ascomycota,927
Otu4795,Ascomycota,906
Otu1204,Ascomycota,900
Otu2427,Ascomycota,876
Otu30358,Ascomycota,875
Otu1155,Ascomycota,864
Otu2306,Ascomycota,857
Otu3383,Ascomycota,842
Otu728,Ascomycota,824
Otu3001,Ascomycota,817
Otu34826,Ascomycota,811
Otu2056,Ascomycota,788
Otu38551,Ascomycota,785
Otu2239,Ascomycota,779
Otu2500,Ascomycota,779
Otu698,Ascomycota,762
Otu1642,Basidiomycota,755
Otu33013,Basidiomycota,750
Otu3107,Ascomycota,746
Otu2820,Ascomycota,732
Otu2344,Ascomycota,718
Otu38922,Ascomycota,700
Otu1900,Ascomycota,696
Otu1237,Ascomycota,695
Otu1849,Ascomycota,687
Otu1513,Basidiomycota,682
Otu40890,Ascomycota,678
Otu11077,Ascomycota,675
Otu2872,Ascomycota,670
Otu40363,Ascomycota,643
Otu1622,Basidiomycota,614
Otu1455,Ascomycota,611
Otu67410,Ascomycota,604
Otu2595,Basidiomycota,598
Otu14685,Ascomycota,558
Otu83284,Basidiomycota,555
Otu1890,Basidiomycota,543
Otu81378,Ascomycota,537
Otu1598,Ascomycota,536
Otu2486,Basidiomycota,533
Otu3003,Basidiomycota,529
Otu1836,Ascomycota,526
Otu69443,Ascomycota,521
Otu1905,Basidiomycota,516
Otu3108,Ascomycota,506
Otu1986,Ascomycota,504
Otu61743,Basidiomycota,500
Otu46896,Ascomycota,499
Otu26262,Ascomycota,499
Otu3810,Basidiomycota,499
Otu19632,Ascomycota,495
Otu1070,Ascomycota,489
Otu76446,Ascomycota,489
Otu2548,Ascomycota,480
Otu6081,Ascomycota,460
Otu2555,Ascomycota,455
Otu1604,Ascomycota,442
Otu3936,Ascomycota,440
Otu5220,Ascomycota,438
Otu1610,Basidiomycota,433
Otu2665,Ascomycota,427
Otu4991,Ascomycota,422
Otu33036,Ascomycota,420
Otu2186,Ascomycota,419
Otu69863,Ascomycota,402
Otu2172,Ascomycota,393
Otu2445,Ascomycota,377
Otu3321,Ascomycota,365
Otu18701,Ascomycota,356
Otu22452,Ascomycota,355
Otu53188,Ascomycota,347
Otu3597,Ascomycota,346
Otu2819,Ascomycota,345
Otu25201,Basidiomycota,342
Otu2986,Ascomycota,338
Otu3707,Ascomycota,335
Otu24632,Ascomycota,333
Otu54744,Ascomycota,332
Otu2000,Basidiomycota,332
Otu2081,Basidiomycota,331
Otu6803,Ascomycota,326
Otu51818,Ascomycota,322
Otu48953,Ascomycota,322
Otu3354,Ascomycota,318
Otu1933,Basidiomycota,317
Otu1682,Ascomycota,315
Otu38099,Ascomycota,313
Otu4266,Ascomycota,310
Otu5106,Basidiomycota,308
Otu2008,Ascomycota,307
Otu2622,Basidiomycota,305
Otu47818,Ascomycota,305
Otu4531,Basidiomycota,302
Otu2360,Ascomycota,297
Otu4074,Ascomycota,296
Otu6880,Basidiomycota,295
Otu39220,Ascomycota,285
Otu5683,Ascomycota,282
Otu2514,Ascomycota,278
Otu2836,Basidiomycota,278
Otu52909,Ascomycota,270
Otu3145,Basidiomycota,270
Otu2424,Basidiomycota,267
Otu7829,Basidiomycota,267
Otu4964,Ascomycota,266
Otu5608,Ascomycota,259
Otu2834,Ascomycota,257
Otu15317,Ascomycota,255
Otu73362,Ascomycota,255
Otu28398,Ascomycota,254
Otu3241,Ascomycota,252
Otu3668,Ascomycota,252
Otu4446,Basidiomycota,250
Otu2793,Basidiomycota,249
Otu20712,Ascomycota,244
Otu29839,Ascomycota,240
Otu29027,Ascomycota,239
Otu4646,Basidiomycota,232
Otu3492,Ascomycota,230
Otu4232,Ascomycota,229
Otu53302,Basidiomycota,227
Otu50858,Ascomycota,225
Otu4699,Ascomycota,220
Otu5384,Basidiomycota,220
Otu64362,Ascomycota,219
Otu35507,Ascomycota,218
Otu11983,Ascomycota,217
Otu4517,Ascomycota,216
Otu5099,Basidiomycota,215
Otu7082,Ascomycota,215
Otu7313,Ascomycota,215
Otu34631,Ascomycota,213
Otu3745,Ascomycota,209
Otu23238,Ascomycota,208
Otu12774,Ascomycota,206
Otu19899,Ascomycota,206
Otu12473,Ascomycota,205
Otu3090,Basidiomycota,205
Otu54033,Basidiomycota,205
Otu54923,Ascomycota,204
Otu2961,Basidiomycota,203
Otu5084,Mucoromycota,198
Otu52818,Ascomycota,196
Otu8002,Ascomycota,195
Otu6028,Ascomycota,193
Otu5918,Ascomycota,189
Otu5881,Basidiomycota,187
Otu7073,Ascomycota,186
Otu3874,Ascomycota,185
Otu3143,Ascomycota,185
Otu6492,Ascomycota,184
Otu18732,Ascomycota,180
Otu5036,Basidiomycota,180
Otu3799,Ascomycota,178
Otu12338,Ascomycota,178
Otu54062,Ascomycota,178
Otu3127,Ascomycota,177
Otu3854,Basidiomycota,177
Otu15825,Ascomycota,177
Otu30920,Ascomycota,176
Otu5074,Basidiomycota,175
Otu40621,Ascomycota,174
Otu49251,Basidiomycota,169
Otu45518,Ascomycota,169
Otu8596,Basidiomycota,166
Otu6394,Ascomycota,165
Otu12394,Ascomycota,164
Otu3211,Basidiomycota,160
Otu11705,Ascomycota,159
Otu4100,Ascomycota,158
Otu7022,Ascomycota,158
Otu77807,Ascomycota,153
Otu3800,Basidiomycota,149
Otu14513,Basidiomycota,149
Otu8162,Ascomycota,149
Otu29355,Ascomycota,148
Otu6263,Ascomycota,146
Otu4215,Ascomycota,145
Otu4787,Basidiomycota,145
Otu4071,Ascomycota,144
Otu5796,Ascomycota,144
Otu4941,Ascomycota,143
Otu7233,Ascomycota,142
Otu4429,Basidiomycota,141
Otu5365,Ascomycota,138
Otu3269,Ascomycota,137
Otu21286,Ascomycota,136
Otu3349,Basidiomycota,135
Otu4247,Basidiomycota,133
Otu36518,Ascomycota,133
Otu2518,Ascomycota,132
Otu4260,Ascomycota,130
Otu11592,Ascomycota,129
Otu3017,Ascomycota,128
Otu6276,Basidiomycota,128
Otu27523,Ascomycota,126
Otu45281,Ascomycota,126
Otu4589,Ascomycota,125
Otu24568,Basidiomycota,125
Otu6334,Basidiomycota,125
Otu5342,Ascomycota,124
Otu5682,Basidiomycota,124
Otu7040,Ascomycota,124
Otu11791,Basidiomycota,123
Otu4546,Ascomycota,122
Otu76187,Ascomycota,121
Otu5305,Ascomycota,121
Otu5490,Ascomycota,120
Otu3456,Basidiomycota,119
Otu4621,Ascomycota,119
Otu5947,Ascomycota,119
Otu30664,Ascomycota,118
Otu5258,Basidiomycota,118
Otu6358,Ascomycota,117
Otu21975,Ascomycota,117
Otu20366,Ascomycota,116
Otu4990,Ascomycota,114
Otu5139,Ascomycota,113
Otu67220,Ascomycota,111
Otu6374,Ascomycota,108
Otu24021,Basidiomycota,108
Otu3903,Ascomycota,107
Otu5553,Ascomycota,106
Otu6568,Basidiomycota,106
Otu65244,Basidiomycota,105
Otu8647,Ascomycota,104
Otu60105,Ascomycota,103
Otu72222,Basidiomycota,102
Otu46200,Ascomycota,101
Otu28589,Ascomycota,100
Otu6709,Basidiomycota,99
Otu3120,Basidiomycota,98
Otu4496,Ascomycota,98
Otu12543,Ascomycota,98
Otu6215,Basidiomycota,97
Otu5613,Ascomycota,94
Otu9650,Ascomycota,93
Otu6041,Ascomycota,92
Otu4906,Ascomycota,92
Otu6124,Basidiomycota,92
Otu69563,Ascomycota,91
Otu48894,Basidiomycota,91
Otu5675,Ascomycota,91
Otu7896,Ascomycota,91
Otu5976,Ascomycota,90
Otu8783,Basidiomycota,89
Otu13427,Ascomycota,88
Otu7085,Ascomycota,88
Otu4813,Ascomycota,87
Otu6954,Ascomycota,86
Otu6759,Ascomycota,86
Otu9057,Ascomycota,86
Otu4400,Basidiomycota,85
Otu4488,Basidiomycota,84
Otu7642,Ascomycota,84
Otu3979,Ascomycota,83
Otu38570,Ascomycota,82
Otu13496,Ascomycota,82
Otu6907,Ascomycota,82
Otu42305,Ascomycota,82
Otu8263,Ascomycota,82
Otu24969,Basidiomycota,81
Otu7048,Basidiomycota,80
Otu78748,Ascomycota,79
Otu6291,Ascomycota,79
Otu65363,Basidiomycota,79
Otu32600,Ascomycota,79
Otu8706,Zoopagomycota,78
Otu10764,Ascomycota,76
Otu6393,Basidiomycota,75
Otu4630,Ascomycota,75
Otu7344,Ascomycota,75
Otu6782,Ascomycota,74
Otu5416,Ascomycota,72
Otu6087,Basidiomycota,72
Otu7071,Ascomycota,72
Otu7052,Basidiomycota,71
Otu37759,Ascomycota,71
Otu31178,Ascomycota,70
Otu5521,Ascomycota,70
Otu10393,Ascomycota,70
Otu26606,Ascomycota,69
Otu30155,Ascomycota,69
Otu5822,Ascomycota,68
Otu5313,Ascomycota,68
Otu6556,Ascomycota,68
Otu13498,Ascomycota,68
Otu6877,Ascomycota,67
Otu5388,Basidiomycota,67
Otu5576,Ascomycota,66
Otu5394,Ascomycota,66
Otu54273,Ascomycota,66
Otu6073,Ascomycota,66
Otu5736,Basidiomycota,65
Otu33722,Ascomycota,65
Otu6177,Ascomycota,64
Otu11306,Basidiomycota,63
Otu3883,Basidiomycota,62
Otu48975,Ascomycota,62
Otu5529,Ascomycota,62
Otu6056,Ascomycota,61
Otu10414,Basidiomycota,61
Otu54757,Basidiomycota,61
Otu5950,Ascomycota,60
Otu5561,Ascomycota,60
Otu49503,Ascomycota,60
Otu4643,Ascomycota,59
Otu5008,Ascomycota,59
Otu23588,Ascomycota,59
Otu6838,Ascomycota,58
Otu9563,Ascomycota,58
Otu7460,Ascomycota,58
Otu71191,Ascomycota,58
Otu9056,Ascomycota,58
Otu19576,Ascomycota,58
Otu9040,Ascomycota,57
Otu7139,Ascomycota,57
Otu26378,Ascomycota,57
Otu6668,Ascomycota,57
Otu72862,Ascomycota,56
Otu45049,Ascomycota,56
Otu6764,Ascomycota,56
Otu8819,Ascomycota,56
Otu5498,Ascomycota,55
Otu8796,Ascomycota,55
Otu6701,Ascomycota,54
Otu30341,Ascomycota,54
Otu8932,Ascomycota,54
Otu8614,Ascomycota,54
Otu48023,Basidiomycota,54
Otu6156,Ascomycota,53
Otu4585,Basidiomycota,53
Otu18411,Basidiomycota,52
Otu5569,Ascomycota,52
Otu5105,Ascomycota,51
Otu5473,Basidiomycota,51
Otu27250,Basidiomycota,51
Otu47815,Ascomycota,51
Otu6953,Ascomycota,51
Otu6462,Ascomycota,50
Otu68651,Ascomycota,50
Otu8254,Ascomycota,49
Otu5724,Ascomycota,48
Otu7569,Ascomycota,48
Otu8587,Ascomycota,48
Otu6898,Ascomycota,48
Otu37884,Ascomycota,47
Otu19565,Ascomycota,47
Otu6144,Ascomycota,46
Otu7857,Ascomycota,46
Otu7908,Ascomycota,46
Otu6837,Ascomycota,46
Otu6888,Basidiomycota,46
Otu23585,Ascomycota,45
Otu76274,Ascomycota,45
Otu17296,Ascomycota,45
Otu8028,Ascomycota,45
Otu10181,Ascomycota,45
Otu9383,Ascomycota,45
Otu9756,Basidiomycota,44
Otu69139,Ascomycota,44
Otu61230,Basidiomycota,43
Otu81574,Ascomycota,43
Otu8198,Basidiomycota,43
Otu5652,Ascomycota,43
Otu77335,Ascomycota,43
Otu4971,Ascomycota,42
Otu6731,Ascomycota,42
Otu7246,Ascomycota,42
Otu10607,Ascomycota,42
Otu45980,Ascomycota,42
Otu12905,Basidiomycota,41
Otu54839,Ascomycota,41
Otu7254,Ascomycota,41
Otu81340,Ascomycota,41
Otu45877,Ascomycota,41
Otu9830,Ascomycota,40
Otu13983,Basidiomycota,40
Otu51695,Ascomycota,39
Otu6346,Basidiomycota,38
Otu7014,Ascomycota,38
Otu20802,Ascomycota,38
Otu7488,Ascomycota,37
Otu8029,Basidiomycota,37
Otu10026,Neocallimastigomycota,37
Otu5370,Ascomycota,36
Otu33648,Ascomycota,36
Otu11139,Ascomycota,36
Otu42188,Basidiomycota,36
Otu7717,Ascomycota,36
Otu52139,Ascomycota,36
Otu38091,Ascomycota,35
Otu47037,Ascomycota,35
Otu73318,Ascomycota,34
Otu10085,Ascomycota,34
Otu9231,Ascomycota,34
Otu57814,Ascomycota,34
Otu8865,Basidiomycota,34
Otu9584,Basidiomycota,34
Otu17016,Ascomycota,34
Otu11404,Ascomycota,33
Otu27928,Basidiomycota,33
Otu15816,Basidiomycota,33
Otu9184,Ascomycota,32
Otu43571,Basidiomycota,32
Otu9733,Basidiomycota,32
Otu10429,Ascomycota,32
Otu29496,Ascomycota,32
Otu9696,Basidiomycota,32
Otu5631,Ascomycota,31
Otu12450,Ascomycota,31
Otu9091,Ascomycota,31
Otu72488,Ascomycota,31
Otu12497,Ascomycota,31
Otu17484,Ascomycota,31
Otu7407,Ascomycota,30
Otu6486,Basidiomycota,30
Otu46969,Ascomycota,30
Otu6585,Basidiomycota,30
Otu61249,Basidiomycota,30
Otu36317,Ascomycota,30
Otu7775,Ascomycota,30
Otu9136,Ascomycota,30
Otu15871,Ascomycota,30
Otu9340,Basidiomycota,30
Otu7501,Ascomycota,30
Otu9693,Basidiomycota,30
Otu42532,Ascomycota,29
Otu32011,Ascomycota,29
Otu9585,Basidiomycota,29
Otu18090,Ascomycota,29
Otu13322,Basidiomycota,29
Otu19564,Basidiomycota,29
Otu17148,Ascomycota,28
Otu6327,Ascomycota,28
Otu8644,Ascomycota,28
Otu41644,Ascomycota,28
Otu7299,Ascomycota,28
Otu76598,Ascomycota,28
Otu30198,Ascomycota,28
Otu72756,Ascomycota,28
Otu8448,Ascomycota,28
Otu11885,Ascomycota,28
Otu6545,Basidiomycota,27
Otu74886,Ascomycota,27
Otu76252,Ascomycota,27
Otu30382,Ascomycota,26
Otu8040,Basidiomycota,26
Otu6485,Ascomycota,26
Otu7154,Basidiomycota,26
Otu39396,Ascomycota,26
Otu28949,Ascomycota,26
Otu10841,Basidiomycota,26
Otu82790,Ascomycota,26
Otu12155,Ascomycota,26
Otu11317,Basidiomycota,26
Otu7455,Ascomycota,25
Otu6084,Ascomycota,25
Otu77152,Ascomycota,25
Otu61967,Ascomycota,25
Otu11255,Ascomycota,25
Otu42643,Ascomycota,25
Otu8012,Ascomycota,25
Otu40322,Ascomycota,25
Otu35179,Ascomycota,25
Otu6305,Ascomycota,24
Otu56702,Ascomycota,24
Otu7653,Ascomycota,24
Otu9099,Ascomycota,24
Otu14992,Ascomycota,24
Otu34365,Ascomycota,24
Otu8031,Ascomycota,24
Otu6091,Basidiomycota,24
Otu10095,Basidiomycota,24
Otu9088,Ascomycota,24
Otu11055,Ascomycota,24
Otu11486,Basidiomycota,24
Otu9803,Ascomycota,23
Otu7927,Ascomycota,23
Otu7478,Ascomycota,23
Otu7579,Basidiomycota,23
Otu40930,Ascomycota,23
Otu34096,Ascomycota,23
Otu10330,Ascomycota,23
Otu10730,Ascomycota,23
Otu7779,Basidiomycota,23
Otu9574,Ascomycota,23
Otu35519,Ascomycota,23
Otu6813,Basidiomycota,22
Otu7875,Ascomycota,22
Otu11895,Ascomycota,22
Otu6620,Ascomycota,22
Otu10297,Basidiomycota,22
Otu51600,Basidiomycota,22
Otu21940,Ascomycota,22
Otu63477,Ascomycota,21
Otu6723,Ascomycota,21
Otu8936,Ascomycota,21
Otu7379,Basidiomycota,21
Otu13146,Basidiomycota,21
Otu55300,Ascomycota,21
Otu20528,Basidiomycota,21
Otu42142,Ascomycota,21
Otu19822,Ascomycota,21
Otu6319,Ascomycota,20
Otu6649,Ascomycota,20
Otu5748,Ascomycota,20
Otu7399,Basidiomycota,20
Otu7144,Ascomycota,20
Otu8110,Neocallimastigomycota,20
Otu8600,Ascomycota,20
Otu13747,Basidiomycota,20
Otu16536,Basidiomycota,20
Otu28996,Basidiomycota,20
Otu7940,Basidiomycota,20
Otu8033,Basidiomycota,20
Otu8830,Ascomycota,20
Otu16340,Basidiomycota,20
Otu10535,Ascomycota,20
Otu54321,Ascomycota,20
Otu7804,Ascomycota,20
Otu16138,Ascomycota,20
Otu38592,Ascomycota,20
Otu13601,Ascomycota,20
Otu22490,Ascomycota,20
Otu5547,Basidiomycota,19
Otu8486,Basidiomycota,19
Otu62699,Ascomycota,19
Otu8297,Ascomycota,19
Otu8269,Ascomycota,19
Otu11375,Ascomycota,19
Otu57079,Ascomycota,19
Otu23084,Ascomycota,19
Otu7055,Ascomycota,19
Otu10081,Basidiomycota,19
Otu9941,Ascomycota,19
Otu14236,Ascomycota,19
Otu7210,Ascomycota,18
Otu7577,Ascomycota,18
Otu8575,Ascomycota,18
Otu12903,Basidiomycota,18
Otu9896,Ascomycota,18
Otu45178,Ascomycota,18
Otu11532,Ascomycota,18
Otu54648,Ascomycota,18
Otu49642,Ascomycota,18
Otu9683,Ascomycota,18
Otu12514,Ascomycota,18
Otu14694,Ascomycota,18
Otu15451,Ascomycota,18
Otu76357,Ascomycota,18
Otu9926,Ascomycota,17
Otu34886,Ascomycota,17
Otu8447,Ascomycota,17
Otu9779,Ascomycota,17
Otu9782,Ascomycota,17
Otu8917,Basidiomycota,17
Otu9268,Ascomycota,17
Otu9548,Basidiomycota,17
Otu8185,Ascomycota,17
Otu45271,Ascomycota,17
Otu12743,Ascomycota,17
Otu18656,Ascomycota,17
Otu39121,Ascomycota,17
Otu45403,Ascomycota,17
Otu6971,Ascomycota,16
Otu7404,Ascomycota,16
Otu7430,Ascomycota,16
Otu9707,Ascomycota,16
Otu10748,Basidiomycota,16
Otu8669,Basidiomycota,16
Otu10394,Ascomycota,16
Otu7307,Basidiomycota,16
Otu8006,Basidiomycota,16
Otu10555,Basidiomycota,16
Otu10320,Basidiomycota,16
Otu11497,Ascomycota,16
Otu35291,Ascomycota,16
Otu7587,Ascomycota,15
Otu7196,Basidiomycota,15
Otu8692,Ascomycota,15
Otu10754,Ascomycota,15
Otu10945,Ascomycota,15
Otu7275,Basidiomycota,15
Otu31119,Ascomycota,15
Otu11530,Basidiomycota,15
Otu78907,Ascomycota,15
Otu11290,Ascomycota,15
Otu60615,Ascomycota,15
Otu11500,Ascomycota,15
Otu66015,Ascomycota,15
Otu32921,Ascomycota,14
Otu8179,Basidiomycota,14
Otu8809,Ascomycota,14
Otu9616,Basidiomycota,14
Otu10338,Ascomycota,14
Otu7321,Ascomycota,14
Otu8981,Ascomycota,14
Otu72914,Basidiomycota,14
Otu22202,Ascomycota,14
Otu9722,Basidiomycota,14
Otu44796,Basidiomycota,14
Otu48617,Ascomycota,14
Otu9754,Ascomycota,14
Otu11030,Basidiomycota,14
Otu49150,Ascomycota,14
Otu9806,Ascomycota,14
Otu19218,Ascomycota,14
Otu42668,Ascomycota,14
Otu19966,Ascomycota,14
Otu20633,Ascomycota,14
Otu7648,Basidiomycota,13
Otu62712,Ascomycota,13
Otu61905,Ascomycota,13
Otu11475,Ascomycota,13
Otu9635,Ascomycota,13
Otu42650,Ascomycota,13
Otu9791,Basidiomycota,13
Otu12613,Ascomycota,13
Otu9801,Ascomycota,13
Otu45930,Ascomycota,13
Otu28518,Ascomycota,13
Otu12651,Ascomycota,13
Otu29412,Basidiomycota,13
Otu50017,Ascomycota,13
Otu14229,Ascomycota,13
Otu12464,Ascomycota,13
Otu12443,Ascomycota,13
Otu15529,Ascomycota,13
Otu11471,Ascomycota,13
Otu54200,Ascomycota,13
Otu7724,Ascomycota,12
Otu14266,Ascomycota,12
Otu10385,Ascomycota,12
Otu8272,Ascomycota,12
Otu7833,Basidiomycota,12
Otu7768,Basidiomycota,12
Otu82355,Basidiomycota,12
Otu8539,Basidiomycota,12
Otu12372,Ascomycota,12
Otu44944,Basidiomycota,12
Otu18994,Ascomycota,12
Otu9732,Ascomycota,12
Otu19059,Ascomycota,12
Otu11515,Ascomycota,12
Otu22375,Ascomycota,12
Otu37726,Ascomycota,12
Otu15038,Basidiomycota,12
Otu15196,Basidiomycota,12
Otu13298,Ascomycota,12
Otu20978,Ascomycota,12
Otu60170,Basidiomycota,12
Otu35227,Ascomycota,12
Otu46930,Ascomycota,11
Otu9442,Basidiomycota,11
Otu12506,Basidiomycota,11
Otu11902,Ascomycota,11
Otu8242,Basidiomycota,11
Otu46470,Ascomycota,11
Otu11879,Basidiomycota,11
Otu43109,Ascomycota,11
Otu21579,Ascomycota,11
Otu14127,Ascomycota,11
Otu11875,Ascomycota,11
Otu15240,Basidiomycota,11
Otu8317,Basidiomycota,11
Otu18916,Ascomycota,11
Otu67305,Ascomycota,11
Otu23681,Ascomycota,11
Otu8741,Ascomycota,11
Otu15216,Basidiomycota,11
Otu33011,Ascomycota,10
Otu8934,Basidiomycota,10
Otu7038,Ascomycota,10
Otu8151,Ascomycota,10
Otu9660,Ascomycota,10
Otu11961,Basidiomycota,10
Otu10313,Ascomycota,10
Otu10975,Ascomycota,10
Otu26481,Ascomycota,10
Otu12759,Ascomycota,10
Otu12124,Ascomycota,10
Otu53371,Ascomycota,10
Otu51688,Ascomycota,10
Otu13781,Ascomycota,10
Otu9295,Ascomycota,10
Otu32027,Ascomycota,10
Otu14082,Ascomycota,10
Otu18889,Ascomycota,10
Otu72964,Basidiomycota,10
Otu55039,Ascomycota,10
Otu17509,Ascomycota,10
Otu13643,Ascomycota,10
Otu13336,Ascomycota,10
Otu51868,Ascomycota,10
Otu11912,Basidiomycota,10
Otu67335,Basidiomycota,10
Otu12968,Ascomycota,10
Otu20784,Ascomycota,10
Otu14510,Basidiomycota,10
Otu17471,Ascomycota,10
Otu20563,Ascomycota,10
Otu15324,Basidiomycota,10
Otu10534,Ascomycota,10
Otu18510,Basidiomycota,10
Otu25768,Ascomycota,10
Otu20000,Ascomycota,10
Otu68062,Basidiomycota,9
Otu57327,Ascomycota,9
Otu8202,Basidiomycota,9
Otu17547,Ascomycota,9
Otu26499,Ascomycota,9
Otu31395,Ascomycota,9
Otu81432,Ascomycota,9
Otu17217,Ascomycota,9
Otu53709,Basidiomycota,9
Otu10377,Ascomycota,9
Otu10691,Ascomycota,9
Otu10962,Ascomycota,9
Otu23915,Ascomycota,9
Otu45094,Ascomycota,9
Otu72017,Ascomycota,9
Otu72267,Basidiomycota,9
Otu12200,Ascomycota,9
Otu17240,Ascomycota,9
Otu42045,Basidiomycota,9
Otu8553,Ascomycota,9
Otu8826,Basidiomycota,9
Otu15727,Ascomycota,9
Otu21259,Ascomycota,9
Otu17835,Ascomycota,9
Otu13583,Basidiomycota,9
Otu12057,Ascomycota,9
Otu18456,Ascomycota,9
Otu61808,Ascomycota,9
Otu13321,Ascomycota,9
Otu20012,Ascomycota,9
Otu29923,Ascomycota,9
Otu16859,Ascomycota,9
Otu76233,Ascomycota,9
Otu14748,Basidiomycota,9
Otu19755,Ascomycota,9
Otu25552,Ascomycota,9
Otu7454,Ascomycota,8
Otu8702,Ascomycota,8
Otu16215,Basidiomycota,8
Otu16884,Basidiomycota,8
Otu10484,Ascomycota,8
Otu76692,Ascomycota,8
Otu10708,Ascomycota,8
Otu12941,Ascomycota,8
Otu21093,Basidiomycota,8
Otu16203,Ascomycota,8
Otu11873,Ascomycota,8
Otu7945,Ascomycota,8
Otu41935,Basidiomycota,8
Otu53012,Ascomycota,8
Otu14289,Basidiomycota,8
Otu78811,Ascomycota,8
Otu18325,Basidiomycota,8
Otu20548,Ascomycota,8
Otu31024,Ascomycota,8
Otu14644,Mucoromycota,8
Otu72587,Ascomycota,8
Otu76318,Ascomycota,8
Otu21917,Basidiomycota,8
Otu10480,Ascomycota,8
Otu30019,Ascomycota,8
Otu21050,Ascomycota,8
Otu13500,Ascomycota,8
Otu13554,Ascomycota,8
Otu19659,Ascomycota,8
Otu19750,Ascomycota,8
Otu8376,Ascomycota,7
Otu77714,Basidiomycota,7
Otu10909,Ascomycota,7
Otu10511,Ascomycota,7
Otu23512,Basidiomycota,7
Otu9021,Ascomycota,7
Otu52575,Ascomycota,7
Otu9505,Basidiomycota,7
Otu10923,Ascomycota,7
Otu20630,Ascomycota,7
Otu52419,Ascomycota,7
Otu8898,Ascomycota,7
Otu13138,Basidiomycota,7
Otu12803,Ascomycota,7
Otu33371,Ascomycota,7
Otu39255,Ascomycota,7
Otu32021,Ascomycota,7
Otu46002,Ascomycota,7
Otu8727,Ascomycota,7
Otu50323,Ascomycota,7
Otu8326,Ascomycota,7
Otu13775,Basidiomycota,7
Otu11244,Ascomycota,7
Otu83778,Ascomycota,7
Otu60488,Ascomycota,7
Otu73963,Ascomycota,7
Otu15361,Ascomycota,7
Otu77392,Ascomycota,7
Otu52098,Ascomycota,7
Otu20904,Ascomycota,7
Otu23641,Ascomycota,7
Otu30578,Ascomycota,7
Otu37794,Ascomycota,7
Otu34251,Ascomycota,7
Otu20055,Ascomycota,7
Otu40034,Ascomycota,7
Otu18204,Ascomycota,7
Otu10154,Ascomycota,6
Otu9873,Ascomycota,6
Otu12059,Ascomycota,6
Otu16719,Ascomycota,6
Otu22429,Ascomycota,6
Otu13389,Basidiomycota,6
Otu13376,Ascomycota,6
Otu60898,Ascomycota,6
Otu11839,Ascomycota,6
Otu8545,Basidiomycota,6
Otu54231,Ascomycota,6
Otu45484,Ascomycota,6
Otu17348,Ascomycota,6
Otu15425,Basidiomycota,6
Otu12846,Ascomycota,6
Otu31354,Ascomycota,6
Otu71162,Ascomycota,6
Otu24501,Mucoromycota,6
Otu12699,Basidiomycota,6
Otu24301,Basidiomycota,6
Otu13652,Basidiomycota,6
Otu21006,Ascomycota,6
Otu10470,Ascomycota,6
Otu29698,Ascomycota,6
Otu63812,Ascomycota,6
Otu12219,Basidiomycota,6
Otu11903,Ascomycota,6
Otu11224,Ascomycota,6
Otu59292,Ascomycota,6
Otu21504,Basidiomycota,6
Otu16676,Ascomycota,6
Otu66767,Ascomycota,6
Otu13186,Ascomycota,6
Otu30693,Ascomycota,6
Otu45984,Ascomycota,6
Otu38896,Chytridiomycota,6
Otu83876,Ascomycota,6
Otu24306,Ascomycota,6
Otu76107,Ascomycota,6
Otu67693,Ascomycota,6
Otu7968,Ascomycota,5
Otu13540,Ascomycota,5
Otu20189,Ascomycota,5
Otu12828,Ascomycota,5
Otu12378,Basidiomycota,5
Otu21092,Basidiomycota,5
Otu11164,Ascomycota,5
Otu58411,Basidiomycota,5
Otu17286,Ascomycota,5
Otu17014,Chytridiomycota,5
Otu11701,Basidiomycota,5
Otu49186,Ascomycota,5
Otu15369,Ascomycota,5
Otu11084,Ascomycota,5
Otu16511,Basidiomycota,5
Otu8685,Ascomycota,5
Otu12582,Basidiomycota,5
Otu12357,Ascomycota,5
Otu10345,Basidiomycota,5
Otu33549,Ascomycota,5
Otu80278,Ascomycota,5
Otu18965,Ascomycota,5
Otu31693,Ascomycota,5
Otu30878,Ascomycota,5
Otu12012,Basidiomycota,5
Otu49954,Ascomycota,5
Otu54859,Ascomycota,5
Otu43258,Ascomycota,5
Otu13858,Ascomycota,5
Otu20965,Ascomycota,5
Otu34280,Ascomycota,5
Otu36393,Ascomycota,5
Otu18520,Ascomycota,5
Otu28136,Ascomycota,5
Otu15938,Ascomycota,5
Otu36963,Ascomycota,5
Otu49160,Ascomycota,5
Otu39231,Ascomycota,5
Otu20474,Ascomycota,5
Otu41755,Ascomycota,5
Otu20375,Basidiomycota,4
Otu6330,Ascomycota,4
Otu10515,Basidiomycota,4
Otu13097,Ascomycota,4
Otu11484,Ascomycota,4
Otu75646,Ascomycota,4
Otu69406,Ascomycota,4
Otu36731,Ascomycota,4
Otu12879,Ascomycota,4
Otu62126,Basidiomycota,4
Otu20439,Basidiomycota,4
Otu18525,Ascomycota,4
Otu67455,Ascomycota,4
Otu17069,Ascomycota,4
Otu18497,Ascomycota,4
Otu22672,Basidiomycota,4
Otu30392,Ascomycota,4
Otu12528,Basidiomycota,4
Otu39272,Basidiomycota,4
Otu26578,Basidiomycota,4
Otu11056,Basidiomycota,4
Otu19086,Ascomycota,4
Otu17086,Basidiomycota,4
Otu48723,Ascomycota,4
Otu30832,Ascomycota,4
Otu13920,Basidiomycota,4
Otu12025,Ascomycota,4
Otu36824,Ascomycota,4
Otu12490,Ascomycota,4
Otu19891,Ascomycota,4
Otu17311,Basidiomycota,4
Otu19131,Ascomycota,4
Otu12120,Ascomycota,4
Otu48038,Ascomycota,4
Otu27545,Ascomycota,4
Otu67340,Ascomycota,4
Otu38274,Ascomycota,4
Otu52009,Ascomycota,4
Otu41034,Ascomycota,4
Otu33723,Ascomycota,4
Otu13516,Ascomycota,4
Otu11578,Basidiomycota,4
Otu24227,Ascomycota,4
Otu50110,Ascomycota,4
Otu45404,Ascomycota,4
Otu28021,Ascomycota,4
Otu21231,Basidiomycota,4
Otu80431,Ascomycota,4
Otu42461,Ascomycota,4
Otu65995,Ascomycota,4
Otu37005,Ascomycota,4
Otu31840,Ascomycota,4
Otu31857,Ascomycota,4
Otu67745,Ascomycota,4
Otu34408,Ascomycota,4
Otu8261,Ascomycota,3
Otu12233,Ascomycota,3
Otu8544,Ascomycota,3
Otu31118,Basidiomycota,3
Otu9309,Ascomycota,3
Otu13484,Ascomycota,3
Otu11988,Ascomycota,3
Otu81372,Ascomycota,3
Otu18764,Ascomycota,3
Otu18975,Ascomycota,3
Otu31142,Basidiomycota,3
Otu22809,Ascomycota,3
Otu62858,Ascomycota,3
Otu16101,Ascomycota,3
Otu11498,Ascomycota,3
Otu14522,Ascomycota,3
Otu12196,Basidiomycota,3
Otu39810,Ascomycota,3
Otu49337,Ascomycota,3
Otu13543,Basidiomycota,3
Otu77364,Ascomycota,3
Otu20279,Ascomycota,3
Otu17236,Ascomycota,3
Otu37401,Basidiomycota,3
Otu13511,Ascomycota,3
Otu24978,Ascomycota,3
Otu66984,Basidiomycota,3
Otu21496,Basidiomycota,3
Otu15759,Ascomycota,3
Otu13115,Ascomycota,3
Otu23013,Ascomycota,3
Otu54053,Ascomycota,3
Otu18023,Ascomycota,3
Otu76127,Ascomycota,3
Otu25696,Ascomycota,3
Otu12502,Neocallimastigomycota,3
Otu19895,Ascomycota,3
Otu14562,Ascomycota,3
Otu12230,Basidiomycota,3
Otu15112,Ascomycota,3
Otu15450,Basidiomycota,3
Otu17906,Ascomycota,3
Otu13353,Ascomycota,3
Otu48815,Ascomycota,3
Otu11245,Basidiomycota,3
Otu16428,Ascomycota,3
Otu58896,Ascomycota,3
Otu41694,Basidiomycota,3
Otu30835,Ascomycota,3
Otu28970,Ascomycota,3
Otu21377,Ascomycota,3
Otu36751,Ascomycota,3
Otu60813,Ascomycota,3
Otu29937,Ascomycota,3
Otu23730,Ascomycota,3
Otu22657,Ascomycota,3
Otu33121,Ascomycota,3
Otu36745,Neocallimastigomycota,3
Otu25763,Ascomycota,3
Otu18754,Ascomycota,3
Otu25983,Basidiomycota,3
Otu51263,Ascomycota,3
Otu29149,Neocallimastigomycota,3
Otu50701,Ascomycota,3
Otu63820,Ascomycota,3
Otu49992,Ascomycota,3
Otu38769,Ascomycota,3
Otu42312,Ascomycota,3
Otu31676,Ascomycota,3
Otu45390,Ascomycota,3
Otu30744,Ascomycota,3
Otu61803,Ascomycota,3
Otu60619,Ascomycota,3
Otu45248,Basidiomycota,3
Otu45344,Ascomycota,3
Otu36270,Basidiomycota,3
Otu57281,Basidiomycota,3
Otu35812,Ascomycota,3
Otu69990,Ascomycota,3
Otu79493,Ascomycota,3
Otu38871,Ascomycota,3
Otu34646,Ascomycota,3
Otu16088,Ascomycota,2
Otu9809,Basidiomycota,2
Otu11254,Basidiomycota,2
Otu12358,Chytridiomycota,2
Otu10091,Ascomycota,2
Otu33401,Ascomycota,2
Otu71329,Ascomycota,2
Otu32553,Ascomycota,2
Otu64398,Ascomycota,2
Otu23210,Ascomycota,2
Otu12519,Ascomycota,2
Otu18817,Ascomycota,2
Otu12247,Ascomycota,2
Otu29743,Ascomycota,2
Otu15313,Ascomycota,2
Otu43550,Ascomycota,2
Otu36821,Basidiomycota,2
Otu12535,Ascomycota,2
Otu18782,Basidiomycota,2
Otu17327,Basidiomycota,2
Otu19306,Basidiomycota,2
Otu22206,Ascomycota,2
Otu20743,Ascomycota,2
Otu20286,Ascomycota,2
Otu21171,Basidiomycota,2
Otu22673,Ascomycota,2
Otu68020,Ascomycota,2
Otu26976,Ascomycota,2
Otu11814,Basidiomycota,2
Otu17054,Ascomycota,2
Otu33269,Ascomycota,2
Otu16654,Ascomycota,2
Otu50936,Basidiomycota,2
Otu20561,Ascomycota,2
Otu28728,Ascomycota,2
Otu51294,Ascomycota,2
Otu22598,Ascomycota,2
Otu11910,Basidiomycota,2
Otu61297,Ascomycota,2
Otu33034,Ascomycota,2
Otu75878,Ascomycota,2
Otu30125,Ascomycota,2
Otu11958,Ascomycota,2
Otu16332,Ascomycota,2
Otu17117,Ascomycota,2
Otu17760,Basidiomycota,2
Otu17234,Basidiomycota,2
Otu48688,Ascomycota,2
Otu36974,Basidiomycota,2
Otu17087,Ascomycota,2
Otu18715,Ascomycota,2
Otu82979,Ascomycota,2
Otu26555,Ascomycota,2
Otu15388,Ascomycota,2
Otu54397,Ascomycota,2
Otu11892,Ascomycota,2
Otu46880,Ascomycota,2
Otu31444,Ascomycota,2
Otu32274,Ascomycota,2
Otu29451,Ascomycota,2
Otu15263,Ascomycota,2
Otu39398,Ascomycota,2
Otu72091,Ascomycota,2
Otu45278,Basidiomycota,2
Otu15814,Ascomycota,2
Otu68057,Ascomycota,2
Otu21404,Basidiomycota,2
Otu50170,Ascomycota,2
Otu24619,Ascomycota,2
Otu50656,Ascomycota,2
Otu34666,Ascomycota,2
Otu77294,Ascomycota,2
Otu80228,Ascomycota,2
Otu47916,Mucoromycota,2
Otu52115,Ascomycota,2
Otu45970,Ascomycota,2
Otu18233,Ascomycota,2
Otu28165,Ascomycota,2
Otu45084,Ascomycota,2
Otu25039,Ascomycota,2
Otu13615,Ascomycota,2
Otu22847,Ascomycota,2
Otu35272,Ascomycota,2
Otu60588,Basidiomycota,2
Otu54076,Basidiomycota,2
Otu37568,Ascomycota,2
Otu66559,Ascomycota,2
Otu46038,Ascomycota,2
Otu17009,Ascomycota,2
Otu45085,Ascomycota,2
Otu67571,Ascomycota,2
Otu55439,Basidiomycota,2
Otu52057,Ascomycota,2
Otu63930,Ascomycota,2
Otu20071,Ascomycota,2
Otu66856,Ascomycota,2
Otu17470,Ascomycota,2
Otu50720,Ascomycota,2
Otu83756,Ascomycota,2
Otu83863,Ascomycota,2
Otu42755,Basidiomycota,2
Otu48976,Ascomycota,2
Otu12451,Ascomycota,1
Otu13510,Ascomycota,1
Otu11409,Ascomycota,1
Otu11228,Basidiomycota,1
Otu17065,Ascomycota,1
Otu17347,Ascomycota,1
Otu48717,Ascomycota,1
Otu10775,Ascomycota,1
Otu11686,Ascomycota,1
Otu82830,Ascomycota,1
Otu38491,Ascomycota,1
Otu15064,Basidiomycota,1
Otu36458,Ascomycota,1
Otu76889,Ascomycota,1
Otu28920,Ascomycota,1
Otu73653,Ascomycota,1
Otu46529,Ascomycota,1
Otu12471,Ascomycota,1
Otu26640,Ascomycota,1
Otu18293,Basidiomycota,1
Otu22866,Basidiomycota,1
Otu18332,Basidiomycota,1
Otu26104,Ascomycota,1
Otu15375,Ascomycota,1
Otu80821,Ascomycota,1
Otu18410,Ascomycota,1
Otu15593,Ascomycota,1
Otu19405,Ascomycota,1
Otu22906,Mucoromycota,1
Otu18518,Ascomycota,1
Otu54239,Ascomycota,1
Otu15577,Ascomycota,1
Otu23983,Ascomycota,1
Otu62112,Ascomycota,1
Otu40775,Ascomycota,1
Otu28415,Basidiomycota,1
Otu28309,Ascomycota,1
Otu20979,Ascomycota,1
Otu33774,Ascomycota,1
Otu34115,Basidiomycota,1
Otu75212,Basidiomycota,1
Otu16652,Ascomycota,1
Otu18085,Basidiomycota,1
Otu14744,Basidiomycota,1
Otu20891,Ascomycota,1
Otu30060,Ascomycota,1
Otu23094,Basidiomycota,1
Otu64266,Ascomycota,1
Otu15831,Ascomycota,1
Otu39650,Ascomycota,1
Otu75113,Ascomycota,1
Otu18755,Ascomycota,1
Otu58046,Basidiomycota,1
Otu31193,Ascomycota,1
Otu40773,Ascomycota,1
Otu12748,Ascomycota,1
Otu38836,Mucoromycota,1
Otu17174,Ascomycota,1
Otu15930,Ascomycota,1
Otu26467,Ascomycota,1
Otu36920,Ascomycota,1
Otu67501,Ascomycota,1
Otu17428,Ascomycota,1
Otu15201,Ascomycota,1
Otu20027,Ascomycota,1
Otu48678,Ascomycota,1
Otu27589,Basidiomycota,1
Otu22664,Ascomycota,1
Otu50575,Basidiomycota,1
Otu13152,Ascomycota,1
Otu57946,Ascomycota,1
Otu14829,Ascomycota,1
Otu60445,Ascomycota,1
Otu25172,Basidiomycota,1
Otu17384,Chytridiomycota,1
Otu83282,Ascomycota,1
Otu18451,Ascomycota,1
Otu18012,Ascomycota,1
Otu23184,Ascomycota,1
Otu72039,Ascomycota,1
Otu13789,Basidiomycota,1
Otu25857,Chytridiomycota,1
Otu54805,Ascomycota,1
Otu26163,Ascomycota,1
Otu46652,Ascomycota,1
Otu13331,Ascomycota,1
Otu77467,Ascomycota,1
Otu74603,Ascomycota,1
Otu73260,Ascomycota,1
Otu16553,Chytridiomycota,1
Otu22718,Ascomycota,1
Otu18387,Ascomycota,1
Otu18534,Ascomycota,1
Otu46749,Ascomycota,1
Otu53544,Ascomycota,1
Otu50386,Ascomycota,1
Otu78129,Basidiomycota,1
Otu50622,Ascomycota,1
Otu45138,Ascomycota,1
Otu67508,Ascomycota,1
Otu17152,Ascomycota,1
Otu43150,Ascomycota,1
Otu14098,Ascomycota,1
Otu70134,Basidiomycota,1
Otu18729,Ascomycota,1
Otu25355,Basidiomycota,1
Otu75294,Ascomycota,1
Otu16513,Basidiomycota,1
Otu73469,Ascomycota,1
Otu62097,Ascomycota,1
Otu38872,Basidiomycota,1
Otu40929,Ascomycota,1
Otu45640,Ascomycota,1
Otu46793,Ascomycota,1
Otu45386,Ascomycota,1
Otu73363,Ascomycota,1
Otu53627,Ascomycota,1
Otu43121,Ascomycota,1
Otu63244,Ascomycota,1
Otu43594,Ascomycota,1
Otu72003,Ascomycota,1
Otu63273,Ascomycota,1
Otu58169,Ascomycota,1
Otu70303,Ascomycota,1
Otu15997,Ascomycota,1
Otu75624,Ascomycota,1
Otu60130,Ascomycota,1
Otu40868,Ascomycota,1
Otu20348,Ascomycota,1
Otu56305,Ascomycota,1
Otu24731,Ascomycota,1
Otu22636,Basidiomycota,1
Otu18138,Ascomycota,1
Otu29261,Basidiomycota,1
Otu57879,Ascomycota,1
Otu18893,Ascomycota,1
Otu18088,Ascomycota,1
Otu45294,Basidiomycota,1
Otu18837,Basidiomycota,1
Otu31642,Ascomycota,1
Otu77311,Basidiomycota,1
Otu15609,Ascomycota,1
Otu54129,Ascomycota,1
Otu28432,Ascomycota,1
Otu22491,Ascomycota,1
Otu47017,Ascomycota,1
Otu51856,Ascomycota,1
Otu36648,Ascomycota,1
Otu77170,Basidiomycota,1
Otu59079,Ascomycota,1
Otu69623,Ascomycota,1
Otu69619,Basidiomycota,1
Otu54740,Ascomycota,1
Otu47266,Ascomycota,1
Otu66219,Ascomycota,1
Otu62589,Ascomycota,1
Otu59227,Ascomycota,1
Otu36189,Ascomycota,1
Otu70337,Ascomycota,1
Otu45205,Ascomycota,1
Otu44912,Ascomycota,1
Otu62243,Ascomycota,1
Otu46065,Ascomycota,1
Otu77475,Ascomycota,1
Otu77497,Basidiomycota,1
Otu77465,Basidiomycota,1
Otu71938,Ascomycota,1
Otu81653,Ascomycota,1
Otu45535,Ascomycota,1
Otu71693,Ascomycota,1
Otu61779,Ascomycota,1
Otu71760,Ascomycota,1
Otu61835,Ascomycota,1
Otu83813,Ascomycota,1
Otu45608,Ascomycota,1
Otu51071,Ascomycota,1
Otu83888,Ascomycota,1
Otu45592,Ascomycota,1
Otu46813,Ascomycota,1
Otu34782,Ascomycota,1
Otu38821,Ascomycota,1
Otu63780,Ascomycota,1
Otu49912,Basidiomycota,1
Otu72726,Basidiomycota,1
Otu42436,Ascomycota,1
Otu57924,Ascomycota,1
Otu58328,Ascomycota,1
Otu57995,Ascomycota,1
Otu80353,Ascomycota,1
Otu52132,Ascomycota,1
Otu51807,Ascomycota,1
Otu55259,Ascomycota,1